path,screens,status,page_horizontal_count,page_none_count,bb_page_item_count,bb_page_items_count,page_section_count
app\src\main\java\com\bulbulustur\android\Application\Areas\b2b\Views\Category\WholesaleCategoryLevel1Screen.kt,WholesaleCategoryLevel1Screen,ROOT_LAZY_PADDING,2,0,0,0,0
app\src\main\java\com\bulbulustur\android\Application\Areas\b2b\Views\Category\WholesaleCategoryLevel2Screen.kt,WholesaleCategoryLevel2Screen,ROOT_LAZY_PADDING,2,0,0,0,0
app\src\main\java\com\bulbulustur\android\Application\Areas\b2b\Views\Filter\WholesaleProductFilterScreen.kt,WholesaleProductFilterScreen,EXPLICIT_PAGE_PADDING,1,0,0,0,0
app\src\main\java\com\bulbulustur\android\Application\Areas\b2b\Views\Home\WholesaleHomeScreen.kt,WholesaleHomeScreen,ROOT_LAZY_PADDING,3,0,0,0,0
app\src\main\java\com\bulbulustur\android\Application\Areas\b2b\Views\Product\CustomizationRequestScreen.kt,CustomizationRequestScreen,ROOT_LAZY_PADDING,2,0,0,0,0
app\src\main\java\com\bulbulustur\android\Application\Areas\b2b\Views\Product\LastPriceRequestScreen.kt,LastPriceRequestScreen,SECTIONIZED_LAZY,0,2,12,0,0
app\src\main\java\com\bulbulustur\android\Application\Areas\b2b\Views\Product\MenuScreen.kt,WholesaleMenuScreen,ROOT_LAZY_PADDING,2,0,0,0,0
app\src\main\java\com\bulbulustur\android\Application\Areas\b2b\Views\Product\SampleRequestScreen.kt,SampleRequestScreen,ROOT_LAZY_PADDING,2,0,0,0,0
app\src\main\java\com\bulbulustur\android\Application\Areas\b2b\Views\Product\WholesaleFeaturedProductsScreen.kt,WholesaleFeaturedProductsScreen,ROOT_LAZY_PADDING,3,0,0,0,0
app\src\main\java\com\bulbulustur\android\Application\Areas\b2b\Views\Product\WholesaleProductCategoryContentListScreen.kt,WholesaleProductCategoryContentListScreen,ROOT_LAZY_PADDING,2,0,0,0,0
app\src\main\java\com\bulbulustur\android\Application\Areas\b2b\Views\Product\WholesaleProductDetailScreen.kt,WholesaleProductDetailScreen;ProductDetailScreen,ROOT_LAZY_PADDING,26,1,0,0,0
app\src\main\java\com\bulbulustur\android\Application\Areas\b2b\Views\Product\WholesaleProductListScreen.kt,WholesaleProductListScreen,ROOT_LAZY_PADDING,5,0,0,0,0
app\src\main\java\com\bulbulustur\android\Application\Areas\b2b\Views\Rfq\RfqCreateScreen.kt,RfqCreateScreen,ROOT_LAZY_PADDING,2,0,0,0,0
app\src\main\java\com\bulbulustur\android\Application\Areas\b2b\Views\Rfq\RfqDetailScreen.kt,RfqDetailScreen,ROOT_LAZY_PADDING,2,0,0,0,0
app\src\main\java\com\bulbulustur\android\Application\Areas\b2b\Views\Rfq\RfqEditScreen.kt,RfqEditScreen,ROOT_LAZY_PADDING,2,0,0,0,0
app\src\main\java\com\bulbulustur\android\Application\Areas\b2b\Views\Rfq\RfqListScreen.kt,RfqListScreen,ROOT_LAZY_PADDING,2,0,0,0,0
app\src\main\java\com\bulbulustur\android\Application\Areas\b2b\Views\Rfq\RfqOfferDetailScreen.kt,RfqOfferDetailScreen,ROOT_LAZY_PADDING,2,0,0,0,0
app\src\main\java\com\bulbulustur\android\Application\Areas\b2b\Views\Rfq\RfqOffersScreen.kt,RfqOffersScreen,ROOT_LAZY_PADDING,2,0,0,0,0
app\src\main\java\com\bulbulustur\android\Application\Areas\b2b\Views\Search\SearchScreen.kt,SearchScreen,ROOT_LAZY_PADDING,2,0,0,0,0
app\src\main\java\com\bulbulustur\android\Application\Areas\b2c\Views\Basket\BasketScreen.kt,BasketScreen,ROOT_LAZY_PADDING,2,0,0,0,0
app\src\main\java\com\bulbulustur\android\Application\Areas\b2c\Views\Campaign\CampaignDetailScreen.kt,CampaignDetailScreen,ROOT_LAZY_PADDING,2,0,0,0,0
app\src\main\java\com\bulbulustur\android\Application\Areas\b2c\Views\Campaign\CampaignListScreen.kt,CampaignListScreen,ROOT_LAZY_PADDING,2,0,0,0,0
app\src\main\java\com\bulbulustur\android\Application\Areas\b2c\Views\Category\CategoryLevel1Screen.kt,CategoryLevel1Screen,ROOT_LAZY_PADDING,2,0,0,0,0
app\src\main\java\com\bulbulustur\android\Application\Areas\b2c\Views\Category\CategoryLevel2Screen.kt,CategoryLevel2Screen,ROOT_LAZY_PADDING,2,0,0,0,0
app\src\main\java\com\bulbulustur\android\Application\Areas\b2c\Views\DealsOfTheDay\DealsOfTheDayListScreen.kt,DealsOfTheDayListScreen,ROOT_LAZY_PADDING,2,0,0,0,0
app\src\main\java\com\bulbulustur\android\Application\Areas\b2c\Views\Filter\RetailProductFilterScreen.kt,RetailProductFilterScreen,EXPLICIT_PAGE_PADDING,1,0,0,0,0
app\src\main\java\com\bulbulustur\android\Application\Areas\b2c\Views\Home\RetailHomeScreen.kt,RetailHomeScreen,ROOT_LAZY_PADDING,2,0,0,0,0
app\src\main\java\com\bulbulustur\android\Application\Areas\b2c\Views\Order\checkout\address\CheckoutAddressCreateScreen.kt,CheckoutAddressCreateScreen,EXPLICIT_PAGE_PADDING,2,0,0,0,0
app\src\main\java\com\bulbulustur\android\Application\Areas\b2c\Views\Order\checkout\address\CheckoutAddressEditScreen.kt,CheckoutAddressEditScreen,EXPLICIT_PAGE_PADDING,2,0,0,0,0
app\src\main\java\com\bulbulustur\android\Application\Areas\b2c\Views\Order\checkout\address\CheckoutAddressListScreen.kt,CheckoutAddressListScreen,ROOT_LAZY_PADDING,2,0,0,0,0
app\src\main\java\com\bulbulustur\android\Application\Areas\b2c\Views\Order\checkout\CheckoutScreen.kt,CheckoutScreen,ROOT_LAZY_PADDING,30,0,0,0,0
app\src\main\java\com\bulbulustur\android\Application\Areas\b2c\Views\Order\checkout\CheckoutSummaryScreen.kt,CheckoutSummaryScreen,ROOT_LAZY_PADDING,4,0,0,0,0
app\src\main\java\com\bulbulustur\android\Application\Areas\b2c\Views\Order\checkout\OrderSuccessScreen.kt,OrderSuccessScreen,ROOT_LAZY_PADDING,2,0,0,0,0
app\src\main\java\com\bulbulustur\android\Application\Areas\b2c\Views\Order\checkout\payment\CheckoutCardEntryScreen.kt,CheckoutCardEntryScreen,EXPLICIT_PAGE_PADDING,2,0,0,0,0
app\src\main\java\com\bulbulustur\android\Application\Areas\b2c\Views\Order\OrderCancelRequestScreen.kt,OrderCancelRequestScreen,ROOT_LAZY_PADDING,2,0,0,0,0
app\src\main\java\com\bulbulustur\android\Application\Areas\b2c\Views\Order\OrderContractScreen.kt,OrderContractScreen,ROOT_LAZY_PADDING,2,0,0,0,0
app\src\main\java\com\bulbulustur\android\Application\Areas\b2c\Views\Order\OrderDetailScreen.kt,OrderDetailScreen,ROOT_LAZY_PADDING,2,0,0,0,0
app\src\main\java\com\bulbulustur\android\Application\Areas\b2c\Views\Order\OrderListScreen.kt,OrderListScreen,ROOT_LAZY_PADDING,2,0,0,0,0
app\src\main\java\com\bulbulustur\android\Application\Areas\b2c\Views\Order\OrderReturnRequestScreen.kt,OrderReturnRequestScreen,ROOT_LAZY_PADDING,2,0,0,0,0
app\src\main\java\com\bulbulustur\android\Application\Areas\b2c\Views\Order\OrderReviewCreateScreen.kt,OrderReviewCreateScreen,ROOT_LAZY_PADDING,2,0,0,0,0
app\src\main\java\com\bulbulustur\android\Application\Areas\b2c\Views\Order\OrderShipmentTrackingScreen.kt,OrderShipmentTrackingScreen,ROOT_LAZY_PADDING,2,0,0,0,0
app\src\main\java\com\bulbulustur\android\Application\Areas\b2c\Views\Product\MenuScreen.kt,RetailMenuScreen,ROOT_LAZY_PADDING,2,0,0,0,0
app\src\main\java\com\bulbulustur\android\Application\Areas\b2c\Views\Product\OtherSellerListScreen.kt,OtherSellerListScreen,ROOT_LAZY_PADDING,3,0,0,0,0
app\src\main\java\com\bulbulustur\android\Application\Areas\b2c\Views\Product\ProductCategoryContentListScreen.kt,ProductCategoryContentListScreen,ROOT_LAZY_PADDING,2,0,0,0,0
app\src\main\java\com\bulbulustur\android\Application\Areas\b2c\Views\Product\ProductDetailScreen.kt,ProductDetailScreen,EXPLICIT_PAGE_PADDING,24,0,0,0,0
app\src\main\java\com\bulbulustur\android\Application\Areas\b2c\Views\Product\ProductHomepageSpecialListScreen.kt,ProductHomepageSpecialListScreen,ROOT_LAZY_PADDING,2,0,0,0,0
app\src\main\java\com\bulbulustur\android\Application\Areas\b2c\Views\Product\ProductListScreen.kt,ProductListScreen,ROOT_LAZY_PADDING,8,0,0,0,0
app\src\main\java\com\bulbulustur\android\Application\Areas\b2c\Views\Product\ProductQuestionScreen.kt,ProductQuestionScreen,ROOT_LAZY_PADDING,2,0,0,0,0
app\src\main\java\com\bulbulustur\android\Application\Areas\b2c\Views\Product\ProductReviewScreen.kt,ProductReviewScreen,ROOT_LAZY_PADDING,2,0,0,0,0
app\src\main\java\com\bulbulustur\android\Application\Areas\b2c\Views\Search\RetailSearchLandingScreen.kt,RetailSearchLandingScreen,ROOT_LAZY_PADDING,2,0,0,0,0
app\src\main\java\com\bulbulustur\android\Application\Areas\b2c\Views\Search\SearchScreen.kt,SearchScreen,ROOT_LAZY_PADDING,2,0,0,0,0
app\src\main\java\com\bulbulustur\android\Application\Areas\b2c\Views\Store\StoreDetailScreen.kt,StoreDetailScreen,ROOT_LAZY_PADDING,2,0,0,0,0
app\src\main\java\com\bulbulustur\android\Application\Areas\b2c\Views\Store\StoreListScreen.kt,StoreListScreen,ROOT_LAZY_PADDING,2,0,0,0,0
app\src\main\java\com\bulbulustur\android\Application\Areas\b2c\Views\Store\StoreOnboardingInfoScreen.kt,StoreOnboardingInfoScreen,ROOT_LAZY_PADDING,2,0,0,0,0
app\src\main\java\com\bulbulustur\android\Application\Areas\b2c\Views\Store\StoreProductListScreen.kt,StoreProductListScreen,ROOT_LAZY_PADDING,6,0,0,0,0
app\src\main\java\com\bulbulustur\android\Application\Views\About\AboutScreen.kt,AboutScreen,ROOT_LAZY_PADDING,2,0,0,0,0
app\src\main\java\com\bulbulustur\android\Application\Views\About\IbansScreen.kt,BankAccountListScreen,ROOT_LAZY_PADDING,2,0,0,0,0
app\src\main\java\com\bulbulustur\android\Application\Views\Account\AboutThisAppScreen.kt,AboutThisAppScreen,ROOT_LAZY_PADDING,8,0,0,0,0
app\src\main\java\com\bulbulustur\android\Application\Views\Account\AccountAddressScreen.kt,AccountAddressScreen,EXPLICIT_PAGE_PADDING,2,0,0,0,0
app\src\main\java\com\bulbulustur\android\Application\Views\Account\AccountBirthDateScreen.kt,AccountBirthDateScreen,EXPLICIT_PAGE_PADDING,2,0,0,0,0
app\src\main\java\com\bulbulustur\android\Application\Views\Account\AccountEditScreen.kt,AccountEditScreen,EXPLICIT_PAGE_PADDING,2,0,0,0,0
app\src\main\java\com\bulbulustur\android\Application\Views\Account\AccountGenderScreen.kt,AccountGenderScreen,EXPLICIT_PAGE_PADDING,2,0,0,0,0
app\src\main\java\com\bulbulustur\android\Application\Views\Account\AccountScreen.kt,AccountScreen,ROOT_LAZY_PADDING,2,0,0,0,0
app\src\main\java\com\bulbulustur\android\Application\Views\Account\AccountSecurityScreen.kt,AccountSecurityScreen,ROOT_LAZY_PADDING,2,0,0,0,0
app\src\main\java\com\bulbulustur\android\Application\Views\Account\AccountSettingsScreen.kt,AccountSettingsScreen,ROOT_LAZY_PADDING,2,0,0,0,0
app\src\main\java\com\bulbulustur\android\Application\Views\Account\AccountTcknScreen.kt,AccountTcknScreen,EXPLICIT_PAGE_PADDING,2,0,0,0,0
app\src\main\java\com\bulbulustur\android\Application\Views\Account\AddressCreateScreen.kt,AddressCreateScreen,EXPLICIT_PAGE_PADDING,2,0,0,0,0
app\src\main\java\com\bulbulustur\android\Application\Views\Account\AddressEditScreen.kt,AddressEditScreen,EXPLICIT_PAGE_PADDING,2,0,0,0,0
app\src\main\java\com\bulbulustur\android\Application\Views\Account\AddressListScreen.kt,AddressListScreen,ROOT_LAZY_PADDING,2,0,0,0,0
app\src\main\java\com\bulbulustur\android\Application\Views\Account\AlarmListScreen.kt,AlarmListScreen,ROOT_LAZY_PADDING,2,0,0,0,0
app\src\main\java\com\bulbulustur\android\Application\Views\Account\AppearanceSettingsScreen.kt,AppearanceSettingsScreen,ROOT_LAZY_PADDING,2,0,0,0,0
app\src\main\java\com\bulbulustur\android\Application\Views\Account\BankAccountCreateScreen.kt,BankAccountCreateScreen,EXPLICIT_PAGE_PADDING,2,0,0,0,0
app\src\main\java\com\bulbulustur\android\Application\Views\Account\BankAccountEditScreen.kt,BankAccountEditScreen,EXPLICIT_PAGE_PADDING,2,0,0,0,0
app\src\main\java\com\bulbulustur\android\Application\Views\Account\BankAccountListScreen.kt,BankAccountListScreen,ROOT_LAZY_PADDING,4,0,0,0,0
app\src\main\java\com\bulbulustur\android\Application\Views\Account\ChangeEmailScreen.kt,ChangeEmailScreen,EXPLICIT_PAGE_PADDING,2,0,0,0,0
app\src\main\java\com\bulbulustur\android\Application\Views\Account\ChangePasswordScreen.kt,ChangePasswordAsyncScreen,EXPLICIT_PAGE_PADDING,2,0,0,0,0
app\src\main\java\com\bulbulustur\android\Application\Views\Account\CommunicationPreferenceScreen.kt,CommunicationPreferenceScreen,ROOT_LAZY_PADDING,2,0,0,0,0
app\src\main\java\com\bulbulustur\android\Application\Views\Account\CompanyB2BIndexScreen.kt,CompanyB2BIndexScreen,ROOT_LAZY_PADDING,2,0,0,0,0
app\src\main\java\com\bulbulustur\android\Application\Views\Account\CompanyB2BStatusScreen.kt,CompanyB2BStatusScreen,ROOT_LAZY_PADDING,2,0,0,0,0
app\src\main\java\com\bulbulustur\android\Application\Views\Account\CompanyInfoEditScreen.kt,CompanyInfoEditScreen,EXPLICIT_PAGE_PADDING,4,0,0,0,0
app\src\main\java\com\bulbulustur\android\Application\Views\Account\CompanyInfoScreen.kt,CompanyInfoScreen,ROOT_LAZY_PADDING,2,0,0,0,0
app\src\main\java\com\bulbulustur\android\Application\Views\Account\CouponListScreen.kt,CouponListScreen,ROOT_LAZY_PADDING,5,0,0,0,0
app\src\main\java\com\bulbulustur\android\Application\Views\Account\CurrencySettingsScreen.kt,CurrencySettingsScreen,ROOT_LAZY_PADDING,2,0,0,0,0
app\src\main\java\com\bulbulustur\android\Application\Views\Account\DashboardScreen.kt,DashboardScreen,ROOT_LAZY_PADDING,2,0,0,0,0
app\src\main\java\com\bulbulustur\android\Application\Views\Account\DeactivateAccountScreen.kt,DeactivateDashboardScreen,EXPLICIT_PAGE_PADDING,2,0,0,0,0
app\src\main\java\com\bulbulustur\android\Application\Views\Account\FavoriteListScreen.kt,FavoriteListScreen,ROOT_LAZY_PADDING,4,0,0,0,0
app\src\main\java\com\bulbulustur\android\Application\Views\Account\FollowedStoreListScreen.kt,FollowedStoreListScreen,ROOT_LAZY_PADDING,3,0,0,0,0
app\src\main\java\com\bulbulustur\android\Application\Views\Account\LanguageSettingsScreen.kt,LanguageSettingsScreen,ROOT_LAZY_PADDING,2,0,0,0,0
app\src\main\java\com\bulbulustur\android\Application\Views\Account\LegalPoliciesScreen.kt,LegalPoliciesScreen,ROOT_LAZY_PADDING,2,0,0,0,0
app\src\main\java\com\bulbulustur\android\Application\Views\Account\LoginActivitiesScreen.kt,LoginActivitiesScreen,ROOT_LAZY_PADDING,2,0,0,0,0
app\src\main\java\com\bulbulustur\android\Application\Views\Account\NotificationListScreen.kt,NotificationListScreen,ROOT_LAZY_PADDING,2,0,0,0,0
app\src\main\java\com\bulbulustur\android\Application\Views\Account\PhoneCreateScreen.kt,PhoneCreateScreen,EXPLICIT_PAGE_PADDING,2,0,0,0,0
app\src\main\java\com\bulbulustur\android\Application\Views\Account\PhoneListScreen.kt,PhoneListScreen,ROOT_LAZY_PADDING,2,0,0,0,0
app\src\main\java\com\bulbulustur\android\Application\Views\Account\PhoneVerifyScreen.kt,PhoneVerifyScreen,EXPLICIT_PAGE_PADDING,2,0,0,0,0
app\src\main\java\com\bulbulustur\android\Application\Views\Account\ProductHistoryScreen.kt,ProductHistoryScreen,ROOT_LAZY_PADDING,7,0,0,0,0
app\src\main\java\com\bulbulustur\android\Application\Views\Account\RegionSettingsScreen.kt,RegionSettingsScreen,ROOT_LAZY_PADDING,2,0,0,0,0
app\src\main\java\com\bulbulustur\android\Application\Views\Account\RequestDetailScreen.kt,RequestDetailScreen,ROOT_LAZY_PADDING,4,0,0,0,0
app\src\main\java\com\bulbulustur\android\Application\Views\Account\RequestListScreen.kt,RequestListScreen,ROOT_LAZY_PADDING,5,0,0,0,0
app\src\main\java\com\bulbulustur\android\Application\Views\Account\ReviewEditScreen.kt,ReviewEditScreen,ROOT_LAZY_PADDING,2,0,0,0,0
app\src\main\java\com\bulbulustur\android\Application\Views\Account\ReviewListScreen.kt,ReviewListScreen,ROOT_LAZY_PADDING,2,0,0,0,0
app\src\main\java\com\bulbulustur\android\Application\Views\Account\SubscriptionDetailScreen.kt,SubscriptionDetailScreen,ROOT_LAZY_PADDING,2,0,0,0,0
app\src\main\java\com\bulbulustur\android\Application\Views\Account\SubscriptionListScreen.kt,SubscriptionListScreen,ROOT_LAZY_PADDING,2,0,0,0,0
app\src\main\java\com\bulbulustur\android\Application\Views\Account\SystemStatusScreen.kt,SystemStatusScreen,ROOT_LAZY_PADDING,4,0,0,0,0
app\src\main\java\com\bulbulustur\android\Application\Views\Account\WalletBalanceScreen.kt,WalletBalanceScreen,ROOT_LAZY_PADDING,2,0,0,0,0
app\src\main\java\com\bulbulustur\android\Application\Views\Company\CompanyActivateScreen.kt,CompanyActivateScreen,EXPLICIT_PAGE_PADDING,1,0,0,0,0
app\src\main\java\com\bulbulustur\android\Application\Views\Company\CompanyContactScreen.kt,CompanyContactScreen,ROOT_LAZY_PADDING,2,0,0,0,0
app\src\main\java\com\bulbulustur\android\Application\Views\Company\CompanyDetailScreen.kt,CompanyDetailScreen,ROOT_LAZY_PADDING,3,4,0,0,0
app\src\main\java\com\bulbulustur\android\Application\Views\Company\CompanyEditScreen.kt,CompanyEditScreen,EXPLICIT_PAGE_PADDING,1,0,0,0,0
app\src\main\java\com\bulbulustur\android\Application\Views\Company\CompanyHomeScreen.kt,CompanyHomeScreen,ROOT_LAZY_PADDING,2,0,0,0,0
app\src\main\java\com\bulbulustur\android\Application\Views\Company\CompanyListScreen.kt,CompanyListScreen,ROOT_LAZY_PADDING,2,0,0,0,0
app\src\main\java\com\bulbulustur\android\Application\Views\Company\CompanyProductsScreen.kt,CompanyProductsScreen,ROOT_LAZY_PADDING,3,0,0,0,0
app\src\main\java\com\bulbulustur\android\Application\Views\Contact\ContactScreen.kt,ContactScreen,EXPLICIT_PAGE_PADDING,1,0,0,0,0
app\src\main\java\com\bulbulustur\android\Application\Views\Home\ModeSelectionScreen.kt,ModeSelectionScreen,EXPLICIT_PAGE_PADDING,1,0,0,0,0
app\src\main\java\com\bulbulustur\android\Application\Views\Message\MessageDetailScreen.kt,MessageDetailScreen,ROOT_LAZY_PADDING,2,0,0,0,0
app\src\main\java\com\bulbulustur\android\Application\Views\Message\MessageInboxScreen.kt,MessageInboxScreen,ROOT_LAZY_PADDING,2,0,0,0,0
app\src\main\java\com\bulbulustur\android\Application\Views\Preference\UsagePurposeScreen.kt,UsagePurposeScreen,ROOT_LAZY_PADDING,2,0,0,0,0
app\src\main\java\com\bulbulustur\android\Application\Views\Profile\ProfileAppearanceScreen.kt,ProfileAppearanceScreen,ROOT_LAZY_PADDING,3,0,0,0,0
app\src\main\java\com\bulbulustur\android\Application\Views\Profile\ProfileAppearanceSelectionShared.kt,ProfileAppearanceSelectionScreen;ProfileBooleanPreferenceScreen,ROOT_LAZY_PADDING,1,1,0,0,0
app\src\main\java\com\bulbulustur\android\Application\Views\Profile\ProfileBioScreen.kt,ProfileBioScreen,EXPLICIT_PAGE_PADDING,1,2,0,0,0
app\src\main\java\com\bulbulustur\android\Application\Views\Profile\ProfileBreastSizeScreen.kt,ProfileBreastSizeScreen,ROOT_LAZY_PADDING,3,0,0,0,0
app\src\main\java\com\bulbulustur\android\Application\Views\Profile\ProfileCompletionScreen.kt,ProfileCompletionScreen,SECTIONIZED_LAZY,0,1,7,2,0
app\src\main\java\com\bulbulustur\android\Application\Views\Profile\ProfileEducationWorkScreen.kt,ProfileEducationWorkScreen,ROOT_LAZY_PADDING,3,0,0,0,0
app\src\main\java\com\bulbulustur\android\Application\Views\Profile\ProfileLanguageFormScreen.kt,ProfileLanguageFormScreen,SECTIONIZED_LAZY,0,2,6,0,0
app\src\main\java\com\bulbulustur\android\Application\Views\Profile\ProfileLanguageListScreen.kt,ProfileLanguageListScreen,SECTIONIZED_LAZY,0,2,7,2,0
app\src\main\java\com\bulbulustur\android\Application\Views\Profile\ProfileLifestyleScreen.kt,ProfileLifestyleScreen,ROOT_LAZY_PADDING,3,0,0,0,0
app\src\main\java\com\bulbulustur\android\Application\Views\Profile\ProfileNumberValueScreen.kt,ProfileNumberValueScreen,EXPLICIT_PAGE_PADDING,2,1,0,0,0
app\src\main\java\com\bulbulustur\android\Application\Views\Profile\ProfilePenisSizeScreen.kt,ProfilePenisSizeScreen,ROOT_LAZY_PADDING,3,0,0,0,0
app\src\main\java\com\bulbulustur\android\Application\Views\Profile\ProfilePhysicalScreen.kt,ProfilePhysicalScreen,ROOT_LAZY_PADDING,3,0,0,0,0
app\src\main\java\com\bulbulustur\android\Application\Views\Profile\ProfilePrivateInformationScreen.kt,ProfilePrivateInformationScreen,ROOT_LAZY_PADDING,3,0,0,0,0
app\src\main\java\com\bulbulustur\android\Application\Views\Profile\ProfileRelationshipScreen.kt,ProfileRelationshipScreen,ROOT_LAZY_PADDING,3,0,0,0,0
app\src\main\java\com\bulbulustur\android\Application\Views\Profile\ProfileScreen.kt,ProfileScreen,ROOT_LAZY_PADDING,2,0,0,0,0
app\src\main\java\com\bulbulustur\android\Application\Views\Profile\ProfileTextValueScreen.kt,ProfileTextValueScreen,EXPLICIT_PAGE_PADDING,1,1,0,0,0
app\src\main\java\com\bulbulustur\android\Application\Views\Question\QuestionAnswerScreen.kt,QuestionAnswerScreen,ROOT_LAZY_PADDING,4,0,0,0,0
app\src\main\java\com\bulbulustur\android\Application\Views\Report\ReportAbuseScreen.kt,ReportAbuseScreen,EXPLICIT_PAGE_PADDING,3,0,0,0,0
app\src\main\java\com\bulbulustur\android\Application\Views\Settings\SettingsScreen.kt,SettingsScreen,EXPLICIT_PAGE_PADDING,1,0,0,0,0
app\src\main\java\com\bulbulustur\android\Application\Views\Support\LegalCenterScreen.kt,LegalCenterScreen,EXPLICIT_PAGE_PADDING,1,0,0,0,0
app\src\main\java\com\bulbulustur\android\Application\Views\Support\LegalDocumentDetailScreen.kt,LegalDocumentDetailScreen,ROOT_LAZY_PADDING,2,0,0,0,0
app\src\main\java\com\bulbulustur\android\Application\Views\Support\SupportHomeScreen.kt,SupportHomeScreen,ROOT_LAZY_PADDING,2,0,0,0,0
